Datetime,Water Level (m)
2026-09-19 00:00:00,-8.501
2026-09-19 01:00:00,-8.501
2026-09-19 02:00:00,-8.501
2026-09-19 03:00:00,-8.501
2026-09-19 04:00:00,-8.501
2026-09-19 05:00:00,-8.501
2026-09-19 06:00:00,-8.501
2026-09-19 07:00:00,-8.501
2026-09-19 08:00:00,-8.501
2026-09-19 09:00:00,-8.501
2026-09-19 10:00:00,0.13094008
2026-09-19 11:00:00,0.13683869
2026-09-19 12:00:00,0.13663346
2026-09-19 13:00:00,0.13162161
2026-09-19 14:00:00,0.13430774
2026-09-19 15:00:00,0.13694352
2026-09-19 16:00:00,0.14517495
2026-09-19 17:00:00,0.15451065
2026-09-19 18:00:00,0.16087905
2026-09-19 19:00:00,0.16489635
2026-09-19 20:00:00,0.16798925
2026-09-19 21:00:00,0.16651082
2026-09-19 22:00:00,0.16250503
2026-09-19 23:00:00,0.15886337
2026-09-20 00:00:00,0.15411462
2026-09-20 01:00:00,0.15214004
2026-09-20 02:00:00,0.15208462
2026-09-20 03:00:00,0.15533221
2026-09-20 04:00:00,0.16207723
2026-09-20 05:00:00,0.17147481
2026-09-20 06:00:00,0.18278576
2026-09-20 07:00:00,0.19430971
2026-09-20 08:00:00,0.20539896
2026-09-20 09:00:00,0.21447256
2026-09-20 10:00:00,0.22031201
2026-09-20 11:00:00,0.22298816
2026-09-20 12:00:00,0.22276576
2026-09-20 13:00:00,0.22056977
2026-09-20 14:00:00,0.21756385
2026-09-20 15:00:00,0.21571958
2026-09-20 16:00:00,0.21665584
2026-09-20 17:00:00,0.22033796
2026-09-20 18:00:00,0.22632481
2026-09-20 19:00:00,0.23374248
2026-09-20 20:00:00,0.24118018
2026-09-20 21:00:00,0.24742545
2026-09-20 22:00:00,0.2512532
2026-09-20 23:00:00,0.25234094
2026-09-21 00:00:00,0.25084913
2026-09-21 01:00:00,0.24742903
2026-09-21 02:00:00,0.24324301
2026-09-21 03:00:00,0.24066775
2026-09-21 04:00:00,0.25360647
2026-09-21 05:00:00,0.28112134
2026-09-21 06:00:00,0.31859586
2026-09-21 07:00:00,0.36329094
2026-09-21 08:00:00,0.41256294
2026-09-21 09:00:00,0.46375954
2026-09-21 10:00:00,0.5137258
2026-09-21 11:00:00,0.5593181
2026-09-21 12:00:00,0.60063607
2026-09-21 13:00:00,0.6382723
2026-09-21 14:00:00,0.67252254
2026-09-21 15:00:00,0.70382214
2026-09-21 16:00:00,0.7334861
2026-09-21 17:00:00,0.7638115
2026-09-21 18:00:00,0.7959528
2026-09-21 19:00:00,0.8321076
2026-09-21 20:00:00,0.87005013
2026-09-21 21:00:00,0.90858895
2026-09-21 22:00:00,0.9455652
2026-09-21 23:00:00,0.97869956
2026-09-22 00:00:00,1.0076214
2026-09-22 01:00:00,1.0328178
2026-09-22 02:00:00,1.0545675
2026-09-22 03:00:00,1.0736969
2026-09-22 04:00:00,1.0916306
2026-09-22 05:00:00,1.1104125
2026-09-22 06:00:00,1.1330863
2026-09-22 07:00:00,1.1605062
2026-09-22 08:00:00,1.1894945
2026-09-22 09:00:00,1.223677
2026-09-22 10:00:00,1.2583278
2026-09-22 11:00:00,1.2893378
2026-09-22 12:00:00,1.3125337
2026-09-22 13:00:00,1.3330909
2026-09-22 14:00:00,1.35033
2026-09-22 15:00:00,1.3640134
2026-09-22 16:00:00,1.3748188
2026-09-22 17:00:00,1.3836012
2026-09-22 18:00:00,1.3929013
2026-09-22 19:00:00,1.4056869
2026-09-22 20:00:00,1.4231457
2026-09-22 21:00:00,1.444339
2026-09-22 22:00:00,1.4653349
2026-09-22 23:00:00,1.484228
2026-09-23 00:00:00,1.5007323
2026-09-23 01:00:00,1.5129195
2026-09-23 02:00:00,1.5256314
2026-09-23 03:00:00,1.5353628
2026-09-23 04:00:00,1.543347
2026-09-23 05:00:00,1.5505157
2026-09-23 06:00:00,1.5599886
2026-09-23 07:00:00,1.5756642
2026-09-23 08:00:00,1.5986052
2026-09-23 09:00:00,1.6256063
2026-09-23 10:00:00,1.6492925
2026-09-23 11:00:00,1.6768715
2026-09-23 12:00:00,1.7007592
2026-09-23 13:00:00,1.7196925
2026-09-23 14:00:00,1.7341484
2026-09-23 15:00:00,1.7458912
2026-09-23 16:00:00,1.7549427
2026-09-23 17:00:00,1.7617105
2026-09-23 18:00:00,1.7678639
2026-09-23 19:00:00,1.7795377
2026-09-23 20:00:00,1.7978082
2026-09-23 21:00:00,1.8202652
2026-09-23 22:00:00,1.8456709
2026-09-23 23:00:00,1.8715316
2026-09-24 00:00:00,1.8938928
2026-09-24 01:00:00,1.909471
2026-09-24 02:00:00,1.9205991
2026-09-24 03:00:00,1.9285625
2026-09-24 04:00:00,1.9317565
2026-09-24 05:00:00,1.9356763
2026-09-24 06:00:00,1.9397393
2026-09-24 07:00:00,1.9503274
2026-09-24 08:00:00,1.9689813
2026-09-24 09:00:00,1.99347
2026-09-24 10:00:00,2.0176947
2026-09-24 11:00:00,2.048265
2026-09-24 12:00:00,2.0769973
2026-09-24 13:00:00,2.0989122
2026-09-24 14:00:00,2.123162
2026-09-24 15:00:00,2.1426263
2026-09-24 16:00:00,2.1570165
2026-09-24 17:00:00,2.1658452
2026-09-24 18:00:00,2.1744483
2026-09-24 19:00:00,2.1880367
2026-09-24 20:00:00,2.210351
2026-09-24 21:00:00,2.238797
2026-09-24 22:00:00,2.2711585
2026-09-24 23:00:00,2.3011253
2026-09-25 00:00:00,2.3282902
